-- phpMyAdmin SQL Dump
-- version 5.2.1
-- https://www.phpmyadmin.net/
--
-- Servidor: 127.0.0.1
-- Tiempo de generación: 17-05-2026 a las 23:05:51
-- Versión del servidor: 10.4.32-MariaDB
-- Versión de PHP: 8.2.12

SET SQL_MODE = "NO_AUTO_VALUE_ON_ZERO";
START TRANSACTION;
SET time_zone = "+00:00";


/*!40101 SET @OLD_CHARACTER_SET_CLIENT=@@CHARACTER_SET_CLIENT */;
/*!40101 SET @OLD_CHARACTER_SET_RESULTS=@@CHARACTER_SET_RESULTS */;
/*!40101 SET @OLD_COLLATION_CONNECTION=@@COLLATION_CONNECTION */;
/*!40101 SET NAMES utf8mb4 */;

--
-- Base de datos: `fridgechef`
--

-- --------------------------------------------------------

--
-- Estructura de tabla para la tabla `cache`
--

CREATE TABLE `cache` (
  `key` varchar(255) NOT NULL,
  `value` mediumtext NOT NULL,
  `expiration` int(11) NOT NULL
) ENGINE=InnoDB DEFAULT CHARSET=utf8mb4 COLLATE=utf8mb4_unicode_ci;

-- --------------------------------------------------------

--
-- Estructura de tabla para la tabla `cache_locks`
--

CREATE TABLE `cache_locks` (
  `key` varchar(255) NOT NULL,
  `owner` varchar(255) NOT NULL,
  `expiration` int(11) NOT NULL
) ENGINE=InnoDB DEFAULT CHARSET=utf8mb4 COLLATE=utf8mb4_unicode_ci;

-- --------------------------------------------------------

--
-- Estructura de tabla para la tabla `categorias`
--

CREATE TABLE `categorias` (
  `id_categoria` int(11) NOT NULL,
  `nombre_categoria` varchar(100) NOT NULL,
  `descripcion` text DEFAULT NULL
) ENGINE=InnoDB DEFAULT CHARSET=utf8mb4 COLLATE=utf8mb4_general_ci;

--
-- Volcado de datos para la tabla `categorias`
--

INSERT INTO `categorias` (`id_categoria`, `nombre_categoria`, `descripcion`) VALUES
(1, 'Platos Fuertes', 'Comidas principales'),
(2, 'Ensaladas', 'Platos fríos y saludables'),
(3, 'Pastas', 'Deliciosas pastas'),
(4, 'Sopas', 'Calientes y reconfortantes'),
(5, 'Postres', 'Dulces para disfrutar');

-- --------------------------------------------------------

--
-- Estructura de tabla para la tabla `failed_jobs`
--

CREATE TABLE `failed_jobs` (
  `id` bigint(20) UNSIGNED NOT NULL,
  `uuid` varchar(255) NOT NULL,
  `connection` text NOT NULL,
  `queue` text NOT NULL,
  `payload` longtext NOT NULL,
  `exception` longtext NOT NULL,
  `failed_at` timestamp NOT NULL DEFAULT current_timestamp()
) ENGINE=InnoDB DEFAULT CHARSET=utf8mb4 COLLATE=utf8mb4_unicode_ci;

-- --------------------------------------------------------

--
-- Estructura de tabla para la tabla `ingredientes`
--

CREATE TABLE `ingredientes` (
  `id_ingrediente` int(11) NOT NULL,
  `nombre_ingrediente` varchar(100) NOT NULL
) ENGINE=InnoDB DEFAULT CHARSET=utf8mb4 COLLATE=utf8mb4_general_ci;

-- --------------------------------------------------------

--
-- Estructura de tabla para la tabla `jobs`
--

CREATE TABLE `jobs` (
  `id` bigint(20) UNSIGNED NOT NULL,
  `queue` varchar(255) NOT NULL,
  `payload` longtext NOT NULL,
  `attempts` tinyint(3) UNSIGNED NOT NULL,
  `reserved_at` int(10) UNSIGNED DEFAULT NULL,
  `available_at` int(10) UNSIGNED NOT NULL,
  `created_at` int(10) UNSIGNED NOT NULL
) ENGINE=InnoDB DEFAULT CHARSET=utf8mb4 COLLATE=utf8mb4_unicode_ci;

-- --------------------------------------------------------

--
-- Estructura de tabla para la tabla `job_batches`
--

CREATE TABLE `job_batches` (
  `id` varchar(255) NOT NULL,
  `name` varchar(255) NOT NULL,
  `total_jobs` int(11) NOT NULL,
  `pending_jobs` int(11) NOT NULL,
  `failed_jobs` int(11) NOT NULL,
  `failed_job_ids` longtext NOT NULL,
  `options` mediumtext DEFAULT NULL,
  `cancelled_at` int(11) DEFAULT NULL,
  `created_at` int(11) NOT NULL,
  `finished_at` int(11) DEFAULT NULL
) ENGINE=InnoDB DEFAULT CHARSET=utf8mb4 COLLATE=utf8mb4_unicode_ci;

-- --------------------------------------------------------

--
-- Estructura de tabla para la tabla `migrations`
--

CREATE TABLE `migrations` (
  `id` int(10) UNSIGNED NOT NULL,
  `migration` varchar(255) NOT NULL,
  `batch` int(11) NOT NULL
) ENGINE=InnoDB DEFAULT CHARSET=utf8mb4 COLLATE=utf8mb4_unicode_ci;

--
-- Volcado de datos para la tabla `migrations`
--

INSERT INTO `migrations` (`id`, `migration`, `batch`) VALUES
(1, '0001_01_01_000000_create_users_table', 1),
(2, '0001_01_01_000001_create_cache_table', 1),
(3, '0001_01_01_000002_create_jobs_table', 1);

-- --------------------------------------------------------

--
-- Estructura de tabla para la tabla `password_reset_tokens`
--

CREATE TABLE `password_reset_tokens` (
  `email` varchar(255) NOT NULL,
  `token` varchar(255) NOT NULL,
  `created_at` timestamp NULL DEFAULT NULL
) ENGINE=InnoDB DEFAULT CHARSET=utf8mb4 COLLATE=utf8mb4_unicode_ci;

-- --------------------------------------------------------

--
-- Estructura de tabla para la tabla `recetas`
--

CREATE TABLE `recetas` (
  `id_receta` int(11) NOT NULL,
  `id_usuario` int(11) NOT NULL,
  `id_categoria` int(11) NOT NULL,
  `titulo` varchar(150) NOT NULL,
  `descripcion` text NOT NULL,
  `preparacion` text NOT NULL,
  `tiempo_preparacion` int(11) NOT NULL,
  `porciones` int(11) NOT NULL,
  `imagen` varchar(255) DEFAULT NULL,
  `fecha_creacion` timestamp NOT NULL DEFAULT current_timestamp()
) ENGINE=InnoDB DEFAULT CHARSET=utf8mb4 COLLATE=utf8mb4_general_ci;

--
-- Volcado de datos para la tabla `recetas`
--

INSERT INTO `recetas` (`id_receta`, `id_usuario`, `id_categoria`, `titulo`, `descripcion`, `preparacion`, `tiempo_preparacion`, `porciones`, `imagen`, `fecha_creacion`) VALUES
(21, 1, 1, 'Pollo al Horno', 'Pollo jugoso horneado con especias', 'Precalentar el horno a 180°C. Sazonar el pollo. Hornear por 45 minutos.', 45, 4, NULL, '2026-05-17 20:22:36'),
(22, 1, 2, 'Ensalada César', 'Ensalada fresca con aderezo César', 'Lavar lechuga. Agregar crutones y aderezo. Mezclar.', 15, 2, NULL, '2026-05-17 20:22:36'),
(23, 2, 3, 'Pasta Alfredo', 'Cremosa pasta con salsa parmesana', 'Cocer la pasta. Calentar crema con queso. Mezclar.', 25, 2, NULL, '2026-05-17 20:22:36'),
(24, 1, 1, 'Tacos al Pastor', 'Tacos mexicanos tradicionales', 'Marinar la carne. Cocinar en plancha. Servir.', 30, 4, NULL, '2026-05-17 20:22:36'),
(25, 2, 1, 'Milanesas de Pollo', 'Milanesas crujientes', 'Empanizar las pechugas. Freír en aceite caliente.', 20, 4, NULL, '2026-05-17 20:22:36');

-- --------------------------------------------------------

--
-- Estructura de tabla para la tabla `receta_ingredientes`
--

CREATE TABLE `receta_ingredientes` (
  `id_receta` int(11) NOT NULL,
  `id_ingrediente` int(11) NOT NULL,
  `cantidad` varchar(50) NOT NULL,
  `unidad_medida` varchar(50) NOT NULL
) ENGINE=InnoDB DEFAULT CHARSET=utf8mb4 COLLATE=utf8mb4_general_ci;

-- --------------------------------------------------------

--
-- Estructura de tabla para la tabla `sessions`
--

CREATE TABLE `sessions` (
  `id` varchar(255) NOT NULL,
  `user_id` bigint(20) UNSIGNED DEFAULT NULL,
  `ip_address` varchar(45) DEFAULT NULL,
  `user_agent` text DEFAULT NULL,
  `payload` longtext NOT NULL,
  `last_activity` int(11) NOT NULL
) ENGINE=InnoDB DEFAULT CHARSET=utf8mb4 COLLATE=utf8mb4_unicode_ci;

--
-- Volcado de datos para la tabla `sessions`
--

INSERT INTO `sessions` (`id`, `user_id`, `ip_address`, `user_agent`, `payload`, `last_activity`) VALUES
('K0K4nHzs2e4cgJds9Hcjx3mIWHIOKFxzT6L6oD1c', NULL, '127.0.0.1', 'Mozilla/5.0 (Windows NT 10.0; Win64; x64) AppleWebKit/537.36 (KHTML, like Gecko) Code/1.120.0 Chrome/142.0.7444.265 Electron/39.8.8 Safari/537.36', 'YTozOntzOjY6Il90b2tlbiI7czo0MDoiVjBIaHVDaHE5ZWJDZUo4aGxrcUduRDJlakFXdDd6UkpOQWNkeGFsMiI7czo5OiJfcHJldmlvdXMiO2E6Mjp7czozOiJ1cmwiO3M6MjE6Imh0dHA6Ly8xMjcuMC4wLjE6ODAwMCI7czo1OiJyb3V0ZSI7Tjt9czo2OiJfZmxhc2giO2E6Mjp7czozOiJvbGQiO2E6MDp7fXM6MzoibmV3IjthOjA6e319fQ==', 1779051710);

-- --------------------------------------------------------

--
-- Estructura de tabla para la tabla `users`
--

CREATE TABLE `users` (
  `id` bigint(20) UNSIGNED NOT NULL,
  `name` varchar(255) NOT NULL,
  `email` varchar(255) NOT NULL,
  `email_verified_at` timestamp NULL DEFAULT NULL,
  `password` varchar(255) NOT NULL,
  `remember_token` varchar(100) DEFAULT NULL,
  `created_at` timestamp NULL DEFAULT NULL,
  `updated_at` timestamp NULL DEFAULT NULL
) ENGINE=InnoDB DEFAULT CHARSET=utf8mb4 COLLATE=utf8mb4_unicode_ci;

-- --------------------------------------------------------

--
-- Estructura de tabla para la tabla `usuarios`
--

CREATE TABLE `usuarios` (
  `id_usuario` int(11) NOT NULL,
  `nombre` varchar(100) NOT NULL,
  `correo` varchar(150) NOT NULL,
  `contraseña` varchar(255) NOT NULL
) ENGINE=InnoDB DEFAULT CHARSET=utf8mb4 COLLATE=utf8mb4_general_ci;

--
-- Volcado de datos para la tabla `usuarios`
--

INSERT INTO `usuarios` (`id_usuario`, `nombre`, `correo`, `contraseña`) VALUES
(1, 'Admin', 'admin@fridgechef.com', '123456'),
(2, 'Usuario1', 'user1@test.com', '123456');

--
-- Índices para tablas volcadas
--

--
-- Indices de la tabla `cache`
--
ALTER TABLE `cache`
  ADD PRIMARY KEY (`key`),
  ADD KEY `cache_expiration_index` (`expiration`);

--
-- Indices de la tabla `cache_locks`
--
ALTER TABLE `cache_locks`
  ADD PRIMARY KEY (`key`),
  ADD KEY `cache_locks_expiration_index` (`expiration`);

--
-- Indices de la tabla `categorias`
--
ALTER TABLE `categorias`
  ADD PRIMARY KEY (`id_categoria`);

--
-- Indices de la tabla `failed_jobs`
--
ALTER TABLE `failed_jobs`
  ADD PRIMARY KEY (`id`),
  ADD UNIQUE KEY `failed_jobs_uuid_unique` (`uuid`);

--
-- Indices de la tabla `ingredientes`
--
ALTER TABLE `ingredientes`
  ADD PRIMARY KEY (`id_ingrediente`);

--
-- Indices de la tabla `jobs`
--
ALTER TABLE `jobs`
  ADD PRIMARY KEY (`id`),
  ADD KEY `jobs_queue_index` (`queue`);

--
-- Indices de la tabla `job_batches`
--
ALTER TABLE `job_batches`
  ADD PRIMARY KEY (`id`);

--
-- Indices de la tabla `migrations`
--
ALTER TABLE `migrations`
  ADD PRIMARY KEY (`id`);

--
-- Indices de la tabla `password_reset_tokens`
--
ALTER TABLE `password_reset_tokens`
  ADD PRIMARY KEY (`email`);

--
-- Indices de la tabla `recetas`
--
ALTER TABLE `recetas`
  ADD PRIMARY KEY (`id_receta`),
  ADD KEY `fk_receta_usuario` (`id_usuario`),
  ADD KEY `fk_receta_categoria` (`id_categoria`);

--
-- Indices de la tabla `receta_ingredientes`
--
ALTER TABLE `receta_ingredientes`
  ADD PRIMARY KEY (`id_receta`,`id_ingrediente`),
  ADD KEY `fk_recetaingrediente_ingrediente` (`id_ingrediente`);

--
-- Indices de la tabla `sessions`
--
ALTER TABLE `sessions`
  ADD PRIMARY KEY (`id`),
  ADD KEY `sessions_user_id_index` (`user_id`),
  ADD KEY `sessions_last_activity_index` (`last_activity`);

--
-- Indices de la tabla `users`
--
ALTER TABLE `users`
  ADD PRIMARY KEY (`id`),
  ADD UNIQUE KEY `users_email_unique` (`email`);

--
-- Indices de la tabla `usuarios`
--
ALTER TABLE `usuarios`
  ADD PRIMARY KEY (`id_usuario`),
  ADD UNIQUE KEY `correo` (`correo`);

--
-- AUTO_INCREMENT de las tablas volcadas
--

--
-- AUTO_INCREMENT de la tabla `categorias`
--
ALTER TABLE `categorias`
  MODIFY `id_categoria` int(11) NOT NULL AUTO_INCREMENT, AUTO_INCREMENT=6;

--
-- AUTO_INCREMENT de la tabla `failed_jobs`
--
ALTER TABLE `failed_jobs`
  MODIFY `id` bigint(20) UNSIGNED NOT NULL AUTO_INCREMENT;

--
-- AUTO_INCREMENT de la tabla `ingredientes`
--
ALTER TABLE `ingredientes`
  MODIFY `id_ingrediente` int(11) NOT NULL AUTO_INCREMENT;

--
-- AUTO_INCREMENT de la tabla `jobs`
--
ALTER TABLE `jobs`
  MODIFY `id` bigint(20) UNSIGNED NOT NULL AUTO_INCREMENT;

--
-- AUTO_INCREMENT de la tabla `migrations`
--
ALTER TABLE `migrations`
  MODIFY `id` int(10) UNSIGNED NOT NULL AUTO_INCREMENT, AUTO_INCREMENT=4;

--
-- AUTO_INCREMENT de la tabla `recetas`
--
ALTER TABLE `recetas`
  MODIFY `id_receta` int(11) NOT NULL AUTO_INCREMENT, AUTO_INCREMENT=26;

--
-- AUTO_INCREMENT de la tabla `users`
--
ALTER TABLE `users`
  MODIFY `id` bigint(20) UNSIGNED NOT NULL AUTO_INCREMENT;

--
-- AUTO_INCREMENT de la tabla `usuarios`
--
ALTER TABLE `usuarios`
  MODIFY `id_usuario` int(11) NOT NULL AUTO_INCREMENT, AUTO_INCREMENT=3;

--
-- Restricciones para tablas volcadas
--

--
-- Filtros para la tabla `recetas`
--
ALTER TABLE `recetas`
  ADD CONSTRAINT `fk_receta_categoria` FOREIGN KEY (`id_categoria`) REFERENCES `categorias` (`id_categoria`),
  ADD CONSTRAINT `fk_receta_usuario` FOREIGN KEY (`id_usuario`) REFERENCES `usuarios` (`id_usuario`);

--
-- Filtros para la tabla `receta_ingredientes`
--
ALTER TABLE `receta_ingredientes`
  ADD CONSTRAINT `fk_recetaingrediente_ingrediente` FOREIGN KEY (`id_ingrediente`) REFERENCES `ingredientes` (`id_ingrediente`),
  ADD CONSTRAINT `fk_recetaingrediente_receta` FOREIGN KEY (`id_receta`) REFERENCES `recetas` (`id_receta`);
COMMIT;

/*!40101 SET CHARACTER_SET_CLIENT=@OLD_CHARACTER_SET_CLIENT */;
/*!40101 SET CHARACTER_SET_RESULTS=@OLD_CHARACTER_SET_RESULTS */;
/*!40101 SET COLLATION_CONNECTION=@OLD_COLLATION_CONNECTION */;
